Pseudo_Text_Titre,Original_Klasse,Distance_to_Centroid,Threshold_Baseline,Classification
CPG4610_InPaschaSermo5.xml_0,Pseudo,1.6962848901748657,2.2736024856567383,Core-Asterius (Sichere Zuweisung)
CPG2271_InHypapantem.txt_2,Pseudo,1.743727207183838,2.2736024856567383,Core-Asterius (Sichere Zuweisung)
CPG4660_InIlludExiitQuiSeminat.xml_0,Pseudo,1.7722141742706299,2.2736024856567383,Core-Asterius (Sichere Zuweisung)
CPG4662_DeIeiunio.txt_0,Pseudo,1.788036584854126,2.2736024856567383,Core-Asterius (Sichere Zuweisung)
CPG4185_Defideetlegenaturae.txt_2,Pseudo,1.8586786985397339,2.2736024856567383,Core-Asterius (Sichere Zuweisung)
CPG4550_InPsalmum100.xml_2,Pseudo,1.863883137702942,2.2736024856567383,Core-Asterius (Sichere Zuweisung)
CPG4202_InChananaeamEtPharaonem.txt_5,Pseudo,1.8669915199279785,2.2736024856567383,Core-Asterius (Sichere Zuweisung)
CPG7555_DePaenitentiaEtContinentiaEtVirginitate.txt_2,Pseudo,1.8934791088104248,2.2736024856567383,Core-Asterius (Sichere Zuweisung)
CPG4343_2_DeSanctaPentecosteHomilia2.txt_0,Pseudo,1.907322883605957,2.2736024856567383,Core-Asterius (Sichere Zuweisung)
CPG5807_InTransfigurationemDomini.txt_0,Pseudo,1.9380425214767456,2.2736024856567383,Core-Asterius (Sichere Zuweisung)
CPG4539_DeAdorationePretiosaeCrucis.xml_1,Pseudo,1.955642819404602,2.2736024856567383,Core-Asterius (Sichere Zuweisung)
CPG7922_InMulieresUnguentaFerrentes.txt_0,Pseudo,1.9654070138931274,2.2736024856567383,Core-Asterius (Sichere Zuweisung)
CPG4612_InPaschaSermo7.xml_4,Pseudo,1.9791936874389648,2.2736024856567383,Core-Asterius (Sichere Zuweisung)
AsteriusIgnotus_InPsalmum11homilia2.txt_0,Pseudo,1.9847978353500366,2.2736024856567383,Core-Asterius (Sichere Zuweisung)
CPG5031_DeAnnuntiatione.txt_0,Pseudo,1.9962081909179688,2.2736024856567383,Core-Asterius (Sichere Zuweisung)
CPG2271_InHypapantem.txt_0,Pseudo,2.022101402282715,2.2736024856567383,Core-Asterius (Sichere Zuweisung)
CPG4612_InPaschaSermo7.xml_1,Pseudo,2.025178909301758,2.2736024856567383,Core-Asterius (Sichere Zuweisung)
CPG4199_InMeretricemEtPharisaeum.txt_0,Pseudo,2.0431084632873535,2.2736024856567383,Core-Asterius (Sichere Zuweisung)
CPG7555_DePaenitentiaEtContinentiaEtVirginitate.txt_6,Pseudo,2.0517892837524414,2.2736024856567383,Core-Asterius (Sichere Zuweisung)
CPG2271_InHypapantem.txt_4,Pseudo,2.0617825984954834,2.2736024856567383,Core-Asterius (Sichere Zuweisung)
CPG4657_InNataleDNIC.xml_0,Pseudo,2.100771427154541,2.2736024856567383,Core-Asterius (Sichere Zuweisung)
CPG4326_ContraIudaeosEtGentiles.txt_6,Pseudo,2.1188290119171143,2.2736024856567383,Core-Asterius (Sichere Zuweisung)
AsteriusIgnotus_InPsalmum6.txt_0,Pseudo,2.1662960052490234,2.2736024856567383,Core-Asterius (Sichere Zuweisung)
CPG4610_InPaschaSermo5.xml_1,Pseudo,2.170288324356079,2.2736024856567383,Core-Asterius (Sichere Zuweisung)
CPG2271_InHypapantem.txt_1,Pseudo,2.1762120723724365,2.2736024856567383,Core-Asterius (Sichere Zuweisung)
CPG4579_InIlludCollegeruntIdaei.txt_0,Pseudo,2.180148124694824,2.2736024856567383,Core-Asterius (Sichere Zuweisung)
CPG4756_InHypapanten.txt_0,Pseudo,2.228105068206787,2.2736024856567383,Core-Asterius (Sichere Zuweisung)
CPG7555_DePaenitentiaEtContinentiaEtVirginitate.txt_0,Pseudo,2.2341930866241455,2.2736024856567383,Core-Asterius (Sichere Zuweisung)
CPG4611_InPaschaSermo6.xml_5,Pseudo,2.28664231300354,2.2736024856567383,Grauzone (Theologisch verwandt / Kompilation)
CPG4185_Defideetlegenaturae.txt_0,Pseudo,2.292559862136841,2.2736024856567383,Grauzone (Theologisch verwandt / Kompilation)
CPG4326_ContraIudaeosEtGentiles.txt_9,Pseudo,2.2933123111724854,2.2736024856567383,Grauzone (Theologisch verwandt / Kompilation)
CPG4602_InRamosPalmarum.xml_1,Pseudo,2.3206140995025635,2.2736024856567383,Grauzone (Theologisch verwandt / Kompilation)
CPG2271_InHypapantem.txt_3,Pseudo,2.323582887649536,2.2736024856567383,Grauzone (Theologisch verwandt / Kompilation)
CPG4366_DeTerraeMotu.xml_0,Pseudo,2.3337032794952393,2.2736024856567383,Grauzone (Theologisch verwandt / Kompilation)
AsteriusIgnotus_InPsalmum12homilia1.txt_0,Pseudo,2.3663737773895264,2.2736024856567383,Grauzone (Theologisch verwandt / Kompilation)
CPG4326_ContraIudaeosEtGentiles.txt_3,Pseudo,2.3898816108703613,2.2736024856567383,Grauzone (Theologisch verwandt / Kompilation)
CPG7555_DePaenitentiaEtContinentiaEtVirginitate.txt_7,Pseudo,2.390641689300537,2.2736024856567383,Grauzone (Theologisch verwandt / Kompilation)
CPG7555_DePaenitentiaEtContinentiaEtVirginitate.txt_4,Pseudo,2.415090322494507,2.2736024856567383,Grauzone (Theologisch verwandt / Kompilation)
CPG4343_2_DeSanctaPentecosteHomilia2.txt_1,Pseudo,2.4226057529449463,2.2736024856567383,Grauzone (Theologisch verwandt / Kompilation)
CPG4326_ContraIudaeosEtGentiles.txt_7,Pseudo,2.440490961074829,2.2736024856567383,Grauzone (Theologisch verwandt / Kompilation)
CPG4550_InPsalmum100.xml_0,Pseudo,2.449960470199585,2.2736024856567383,Grauzone (Theologisch verwandt / Kompilation)
CPG4850_LaudatioPauliApostoli.txt_0,Pseudo,2.4503767490386963,2.2736024856567383,Grauzone (Theologisch verwandt / Kompilation)
CPG4608_InPaschaSermo3.xml_0,Pseudo,2.4547669887542725,2.2736024856567383,Grauzone (Theologisch verwandt / Kompilation)
CPG4611_InPaschaSermo6.xml_4,Pseudo,2.457676410675049,2.2736024856567383,Grauzone (Theologisch verwandt / Kompilation)
AsteriusIgnotus_InPsalmum5homilia5.txt_0,Pseudo,2.4862897396087646,2.2736024856567383,Grauzone (Theologisch verwandt / Kompilation)
CPG4548_InPsalmum92.txt_0,Pseudo,2.5122010707855225,2.2736024856567383,Grauzone (Theologisch verwandt / Kompilation)
CPG7900_4_InSanctaTheophania.txt_0,Pseudo,2.5203006267547607,2.2736024856567383,Grauzone (Theologisch verwandt / Kompilation)
CPG4326_ContraIudaeosEtGentiles.txt_8,Pseudo,2.5211567878723145,2.2736024856567383,Grauzone (Theologisch verwandt / Kompilation)
CPG4738_InIlludDominusRegnavit.txt_0,Pseudo,2.5249710083007812,2.2736024856567383,Grauzone (Theologisch verwandt / Kompilation)
CPG4751_InSanctumPascha.xml_0,Pseudo,2.5250909328460693,2.2736024856567383,Grauzone (Theologisch verwandt / Kompilation)
AsteriusIgnotus_InPsalmum6.txt_1,Pseudo,2.543954610824585,2.2736024856567383,Grauzone (Theologisch verwandt / Kompilation)
CPG4756_InHypapanten.txt_1,Pseudo,2.5471997261047363,2.2736024856567383,Grauzone (Theologisch verwandt / Kompilation)
CPG4589_DePharisaeo.xml_0,Pseudo,2.5780863761901855,2.2736024856567383,Grauzone (Theologisch verwandt / Kompilation)
AsteriusIgnotus_InPsalmum4homilia2.txt_0,Pseudo,2.586458206176758,2.2736024856567383,Grauzone (Theologisch verwandt / Kompilation)
CPG4916_InIlludNemoBunusNisiSolusDeus.txt_2,Pseudo,2.612612724304199,2.2736024856567383,Grauzone (Theologisch verwandt / Kompilation)
CPG4206_DeFide.txt_0,Pseudo,2.6263983249664307,2.2736024856567383,Grauzone (Theologisch verwandt / Kompilation)
CPG4699_QuodMariSimilisSitHaecVita.txt_0,Pseudo,2.627424478530884,2.2736024856567383,Grauzone (Theologisch verwandt / Kompilation)
CPG4581_InSamaritanam.xml_0,Pseudo,2.6396801471710205,2.2736024856567383,Grauzone (Theologisch verwandt / Kompilation)
CPG4599_InExaltationemVenerandaeCrucis.xml_0,Pseudo,2.6557860374450684,2.2736024856567383,Grauzone (Theologisch verwandt / Kompilation)
AsteriusIgnotus_InPsalmum4homilia1.txt_0,Pseudo,2.662405490875244,2.2736024856567383,Grauzone (Theologisch verwandt / Kompilation)
AsteriusIgnotus_InPsalmum2.txt_0,Pseudo,2.6708900928497314,2.2736024856567383,Grauzone (Theologisch verwandt / Kompilation)
AsteriusIgnotus_InPsalmum13.txt_1,Pseudo,2.6876800060272217,2.2736024856567383,Grauzone (Theologisch verwandt / Kompilation)
CPG5017_DeTransfiguratione.txt_0,Pseudo,2.6911020278930664,2.2736024856567383,Grauzone (Theologisch verwandt / Kompilation)
CPG4202_InChananaeamEtPharaonem.txt_1,Pseudo,2.7012851238250732,2.2736024856567383,Grauzone (Theologisch verwandt / Kompilation)
AsteriusIgnotus_InPsalmum2.txt_1,Pseudo,2.7165231704711914,2.2736024856567383,Grauzone (Theologisch verwandt / Kompilation)
CPG7385_InSanctaTheophaniaHomilia4.txt_1,Pseudo,2.7300682067871094,2.2736024856567383,Grauzone (Theologisch verwandt / Kompilation)
CPG4326_ContraIudaeosEtGentiles.txt_5,Pseudo,2.7346789836883545,2.2736024856567383,Grauzone (Theologisch verwandt / Kompilation)
CPG4199_InMeretricemEtPharisaeum.txt_1,Pseudo,2.7397797107696533,2.2736024856567383,Grauzone (Theologisch verwandt / Kompilation)
CPG4603_ContraHaereticosEtInSanctamDeiparam.xml_0,Pseudo,2.7439651489257812,2.2736024856567383,Grauzone (Theologisch verwandt / Kompilation)
CPG4667_DeIeiunio.xml_0,Pseudo,2.7473833560943604,2.2736024856567383,Grauzone (Theologisch verwandt / Kompilation)
CPG4190_InPsalmum96.txt_1,Pseudo,2.773972749710083,2.2736024856567383,Grauzone (Theologisch verwandt / Kompilation)
CPG4612_InPaschaSermo7.xml_0,Pseudo,2.7965495586395264,2.2736024856567383,Grauzone (Theologisch verwandt / Kompilation)
AsteriusIgnotus_InPsalmum8homilia3.txt_0,Pseudo,2.801401138305664,2.2736024856567383,Grauzone (Theologisch verwandt / Kompilation)
CPG4190_InPsalmum96.txt_4,Pseudo,2.806149959564209,2.2736024856567383,Grauzone (Theologisch verwandt / Kompilation)
AsteriusIgnotus_InPsalmum7.txt_0,Pseudo,2.8118019104003906,2.2736024856567383,Grauzone (Theologisch verwandt / Kompilation)
CPG4612_InPaschaSermo7.xml_3,Pseudo,2.8259589672088623,2.2736024856567383,Grauzone (Theologisch verwandt / Kompilation)
CPG7385_InSanctaTheophaniaHomilia4.txt_0,Pseudo,2.8381125926971436,2.2736024856567383,Grauzone (Theologisch verwandt / Kompilation)
CPG4707_DePrecatione.xml_0,Pseudo,2.841073751449585,2.2736024856567383,Grauzone (Theologisch verwandt / Kompilation)
CPG4190_InPsalmum96.txt_0,Pseudo,2.8442440032958984,2.2736024856567383,Abgewiesen (Fremdautor)
CPG4202_InChananaeamEtPharaonem.txt_3,Pseudo,2.8448753356933594,2.2736024856567383,Abgewiesen (Fremdautor)
CPG4611_InPaschaSermo6.xml_1,Pseudo,2.8469319343566895,2.2736024856567383,Abgewiesen (Fremdautor)
AsteriusIgnotus_InPsalmum8homilia2.txt_0,Pseudo,2.8526549339294434,2.2736024856567383,Abgewiesen (Fremdautor)
CPG4206_DeFide.txt_2,Pseudo,2.86078143119812,2.2736024856567383,Abgewiesen (Fremdautor)
CPG4648_InIordanemFluvium.xml_0,Pseudo,2.8834071159362793,2.2736024856567383,Abgewiesen (Fremdautor)
CPG7922_InMulieresUnguentaFerrentes.txt_3,Pseudo,2.8940086364746094,2.2736024856567383,Abgewiesen (Fremdautor)
CPG4612_InPaschaSermo7.xml_2,Pseudo,2.896254301071167,2.2736024856567383,Abgewiesen (Fremdautor)
AsteriusIgnotus_InPsalmum11homilia1.txt_0,Pseudo,2.90763521194458,2.2736024856567383,Abgewiesen (Fremdautor)
CPG4629_DeRemissionePeccatorum.xml_1,Pseudo,2.9104483127593994,2.2736024856567383,Abgewiesen (Fremdautor)
AsteriusIgnotus_InPsalmum7.txt_1,Pseudo,2.9245190620422363,2.2736024856567383,Abgewiesen (Fremdautor)
AsteriusIgnotus_InPsalmum18.txt_0,Pseudo,2.931455373764038,2.2736024856567383,Abgewiesen (Fremdautor)
CPG4326_ContraIudaeosEtGentiles.txt_4,Pseudo,2.9392263889312744,2.2736024856567383,Abgewiesen (Fremdautor)
AsteriusIgnotus_InPsalmum11homilia2.txt_2,Pseudo,2.939310312271118,2.2736024856567383,Abgewiesen (Fremdautor)
CPG4544_InPsalmum50Homilia1.xml_0,Pseudo,2.942148447036743,2.2736024856567383,Abgewiesen (Fremdautor)
CPG5806_InSanctaTheophania.txt_0,Pseudo,2.9553823471069336,2.2736024856567383,Abgewiesen (Fremdautor)
CPG4651_InIlludAscenditDominusInTemplo.xml_0,Pseudo,2.9759340286254883,2.2736024856567383,Abgewiesen (Fremdautor)
CPG7555_DePaenitentiaEtContinentiaEtVirginitate.txt_1,Pseudo,2.9915707111358643,2.2736024856567383,Abgewiesen (Fremdautor)
CPG4634_CaritatemSecundumDeum.xml_0,Pseudo,3.0001440048217773,2.2736024856567383,Abgewiesen (Fremdautor)
CPG3767_InRamosPalmarum.txt_0,Pseudo,3.006803512573242,2.2736024856567383,Abgewiesen (Fremdautor)
CPG4442_InPoenitentiamNinivitarum.xml_1,Pseudo,3.0098297595977783,2.2736024856567383,Abgewiesen (Fremdautor)
CPG7555_DePaenitentiaEtContinentiaEtVirginitate.txt_5,Pseudo,3.0140817165374756,2.2736024856567383,Abgewiesen (Fremdautor)
CPG7555_DePaenitentiaEtContinentiaEtVirginitate.txt_3,Pseudo,3.01715350151062,2.2736024856567383,Abgewiesen (Fremdautor)
CPG4611_InPaschaSermo6.xml_2,Pseudo,3.0211353302001953,2.2736024856567383,Abgewiesen (Fremdautor)
CPG4534_InAscensionemDominiSermo4.xml_0,Pseudo,3.0515127182006836,2.2736024856567383,Abgewiesen (Fremdautor)
CPG4611_InPaschaSermo6.xml_0,Pseudo,3.058112144470215,2.2736024856567383,Abgewiesen (Fremdautor)
CPG4726_InNataleDominiEtInSantamMariamGenetricem.xml_0,Pseudo,3.064221143722534,2.2736024856567383,Abgewiesen (Fremdautor)
CPG4607_InPaschaSermo2.xml_0,Pseudo,3.0692789554595947,2.2736024856567383,Abgewiesen (Fremdautor)
CPG4916_InIlludNemoBunusNisiSolusDeus.txt_0,Pseudo,3.0744407176971436,2.2736024856567383,Abgewiesen (Fremdautor)
CPG2270_InNatalemChristiDiem.txt_0,Pseudo,3.0755271911621094,2.2736024856567383,Abgewiesen (Fremdautor)
AsteriusIgnotus_InPsalmum14.txt_0,Pseudo,3.0818562507629395,2.2736024856567383,Abgewiesen (Fremdautor)
CPG4523_DeOccursuDomini.xml_1,Pseudo,3.0878286361694336,2.2736024856567383,Abgewiesen (Fremdautor)
CPG4727_VisioDanielis.xml_0,Pseudo,3.095297336578369,2.2736024856567383,Abgewiesen (Fremdautor)
AsteriusIgnotus_InPsalmum4homilia1.txt_1,Pseudo,3.122770071029663,2.2736024856567383,Abgewiesen (Fremdautor)
AsteriusIgnotus_InPsalmum10.txt_0,Pseudo,3.1258792877197266,2.2736024856567383,Abgewiesen (Fremdautor)
AsteriusIgnotus_InPsalmum12homilia2.txt_0,Pseudo,3.1322906017303467,2.2736024856567383,Abgewiesen (Fremdautor)
CPG7922_InMulieresUnguentaFerrentes.txt_2,Pseudo,3.1344594955444336,2.2736024856567383,Abgewiesen (Fremdautor)
AsteriusIgnotus_InPsalmum5homilia2.txt_0,Pseudo,3.1411521434783936,2.2736024856567383,Abgewiesen (Fremdautor)
AsteriusIgnotus_InPsalmum11homilia2.txt_1,Pseudo,3.1512880325317383,2.2736024856567383,Abgewiesen (Fremdautor)
AsteriusIgnotus_InPsalmum9.txt_0,Pseudo,3.157944917678833,2.2736024856567383,Abgewiesen (Fremdautor)
CPG4764_CatechesisDeIlluminatis.txt_0,Pseudo,3.175642490386963,2.2736024856567383,Abgewiesen (Fremdautor)
AsteriusIgnotus_InPsalmum8homilia2.txt_1,Pseudo,3.1760785579681396,2.2736024856567383,Abgewiesen (Fremdautor)
CPG4987_OratioInIohannemTheologum.txt_0,Pseudo,3.1944820880889893,2.2736024856567383,Abgewiesen (Fremdautor)
CPG4523_DeOccursuDomini.xml_0,Pseudo,3.197916269302368,2.2736024856567383,Abgewiesen (Fremdautor)
CPG4547_InPsalmum75.xml_1,Pseudo,3.202566623687744,2.2736024856567383,Abgewiesen (Fremdautor)
CPG4547_DeTurture.xml_0,Pseudo,3.207282781600952,2.2736024856567383,Abgewiesen (Fremdautor)
CPG4532_InAscensionemSermo2.xml_0,Pseudo,3.208174467086792,2.2736024856567383,Abgewiesen (Fremdautor)
CPG4566_DeIoseph.xml_0,Pseudo,3.213707447052002,2.2736024856567383,Abgewiesen (Fremdautor)
CPG4969_InIlludHominisCuiusdamDivitisUberesFructusAger.txt_0,Pseudo,3.216106653213501,2.2736024856567383,Abgewiesen (Fremdautor)
CPG4326_ContraIudaeosEtGentiles.txt_1,Pseudo,3.2204699516296387,2.2736024856567383,Abgewiesen (Fremdautor)
CPG4504_ChristiDiscipulumBenignumEsseDebere.xml_0,Pseudo,3.2323267459869385,2.2736024856567383,Abgewiesen (Fremdautor)
CPG4185_Defideetlegenaturae.txt_1,Pseudo,3.2554612159729004,2.2736024856567383,Abgewiesen (Fremdautor)
CPG4996_1_InResurrectionemDomini.xml_0,Pseudo,3.2628791332244873,2.2736024856567383,Abgewiesen (Fremdautor)
CPG4507_DeSanctaTrinitate.xml_0,Pseudo,3.265361785888672,2.2736024856567383,Abgewiesen (Fremdautor)
CPG4590_DeLazaroEtDivite.xml_0,Pseudo,3.2764809131622314,2.2736024856567383,Abgewiesen (Fremdautor)
CPG4202_InChananaeamEtPharaonem.txt_0,Pseudo,3.3098790645599365,2.2736024856567383,Abgewiesen (Fremdautor)
CPG4640_InIlludExeuntesPharisaei.xml_0,Pseudo,3.318143606185913,2.2736024856567383,Abgewiesen (Fremdautor)
CPG4550_InPsalmum100.xml_1,Pseudo,3.319929599761963,2.2736024856567383,Abgewiesen (Fremdautor)
CPG4565_InEliamProphetam.xml_0,Pseudo,3.328502893447876,2.2736024856567383,Abgewiesen (Fremdautor)
CPG4547_InPsalmum75.xml_0,Pseudo,3.3347244262695312,2.2736024856567383,Abgewiesen (Fremdautor)
CPG4190_InPsalmum96.txt_2,Pseudo,3.3386123180389404,2.2736024856567383,Abgewiesen (Fremdautor)
AsteriusIgnotus_InPsalmum13.txt_2,Pseudo,3.3702447414398193,2.2736024856567383,Abgewiesen (Fremdautor)
AsteriusIgnotus_InPsalmum10.txt_2,Pseudo,3.387024402618408,2.2736024856567383,Abgewiesen (Fremdautor)
CPG4700_InIlludSimileEstRegnumCaelorumGranoSinapis.xml_0,Pseudo,3.399472951889038,2.2736024856567383,Abgewiesen (Fremdautor)
CPG4544_InPsalmum50Homilia1.xml_1,Pseudo,3.4089057445526123,2.2736024856567383,Abgewiesen (Fremdautor)
CPG4640_InIlludExeuntesPharisaei.xml_1,Pseudo,3.4120404720306396,2.2736024856567383,Abgewiesen (Fremdautor)
CPG4529_DeChananaea.xml_0,Pseudo,3.434035062789917,2.2736024856567383,Abgewiesen (Fremdautor)
AsteriusIgnotus_InPsalmum5homilia1.txt_1,Pseudo,3.434673547744751,2.2736024856567383,Abgewiesen (Fremdautor)
CPG3767_InRamosPalmarum.txt_1,Pseudo,3.440415859222412,2.2736024856567383,Abgewiesen (Fremdautor)
CPG3187_InStephanumProtomartyremII.xml_1,Pseudo,3.472630739212036,2.2736024856567383,Abgewiesen (Fremdautor)
CPG4584_DeCirco.xml_0,Pseudo,3.4798033237457275,2.2736024856567383,Abgewiesen (Fremdautor)
CPG4567_DeSusanna.xml_0,Pseudo,3.4809272289276123,2.2736024856567383,Abgewiesen (Fremdautor)
CPG7922_InMulieresUnguentaFerrentes.txt_1,Pseudo,3.4840779304504395,2.2736024856567383,Abgewiesen (Fremdautor)
CPG4667_DeIeiunio.xml_2,Pseudo,3.5079879760742188,2.2736024856567383,Abgewiesen (Fremdautor)
CPG4706_AdEosQuiMagniAestimantOpes.xml_0,Pseudo,3.5096757411956787,2.2736024856567383,Abgewiesen (Fremdautor)
CPG3172_ContraFornicarios.xml_0,Pseudo,3.5102226734161377,2.2736024856567383,Abgewiesen (Fremdautor)
CPG4202_InChananaeamEtPharaonem.txt_2,Pseudo,3.514439821243286,2.2736024856567383,Abgewiesen (Fremdautor)
AsteriusIgnotus_InPsalmum13.txt_0,Pseudo,3.5275731086730957,2.2736024856567383,Abgewiesen (Fremdautor)
CPG4603_ContraHaereticosEtInSanctamDeiparam.xml_1,Pseudo,3.553819417953491,2.2736024856567383,Abgewiesen (Fremdautor)
CPG4614_DePaenitentia.xml_2,Pseudo,3.5571177005767822,2.2736024856567383,Abgewiesen (Fremdautor)
AsteriusIgnotus_InPsalmum14.txt_1,Pseudo,3.5571179389953613,2.2736024856567383,Abgewiesen (Fremdautor)
CPG4326_ContraIudaeosEtGentiles.txt_0,Pseudo,3.560389280319214,2.2736024856567383,Abgewiesen (Fremdautor)
CPG4631_DePaenitentia.xml_0,Pseudo,3.5733823776245117,2.2736024856567383,Abgewiesen (Fremdautor)
CPG4916_InIlludNemoBunusNisiSolusDeus.txt_1,Pseudo,3.5945746898651123,2.2736024856567383,Abgewiesen (Fremdautor)
CPG4557_DeContinentia.xml_0,Pseudo,3.601471185684204,2.2736024856567383,Abgewiesen (Fremdautor)
CPG4617_DePaenitentiaSermo3.xml_0,Pseudo,3.642948865890503,2.2736024856567383,Abgewiesen (Fremdautor)
CPG4679_DeCaritate.xml_0,Pseudo,3.6454849243164062,2.2736024856567383,Abgewiesen (Fremdautor)
CPG4607_InPaschaSermo2.xml_1,Pseudo,3.6628494262695312,2.2736024856567383,Abgewiesen (Fremdautor)
tlg2022_043.xml_0,Pseudo,3.663236141204834,2.2736024856567383,Abgewiesen (Fremdautor)
CPG4518_InLaudemConceptionisIohannisBaptistae.xml_0,Pseudo,3.682049512863159,2.2736024856567383,Abgewiesen (Fremdautor)
CPG4202_InChananaeamEtPharaonem.txt_4,Pseudo,3.688359260559082,2.2736024856567383,Abgewiesen (Fremdautor)
AsteriusIgnotus_InPsalmum18.txt_1,Pseudo,3.6887457370758057,2.2736024856567383,Abgewiesen (Fremdautor)
AsteriusIgnotus_InPsalmum7.txt_2,Pseudo,3.7044167518615723,2.2736024856567383,Abgewiesen (Fremdautor)
CPG4516_DePrecationeOrationes.xml_0,Pseudo,3.7065484523773193,2.2736024856567383,Abgewiesen (Fremdautor)
CPG4615_DePaenitentiaSermo1.xml_2,Pseudo,3.7459795475006104,2.2736024856567383,Abgewiesen (Fremdautor)
CPG3770_InAssumptioneChristi.txt_0,Pseudo,3.7671096324920654,2.2736024856567383,Abgewiesen (Fremdautor)
AsteriusIgnotus_InPsalmum5homilia1.txt_0,Pseudo,3.7801027297973633,2.2736024856567383,Abgewiesen (Fremdautor)
CPG4544_InPsalmum50Homilia1.xml_3,Pseudo,3.798811912536621,2.2736024856567383,Abgewiesen (Fremdautor)
CPG4520_InIlludExiitEdictum.xml_0,Pseudo,3.807969331741333,2.2736024856567383,Abgewiesen (Fremdautor)
CPG4206_DeFide.txt_1,Pseudo,3.8087644577026367,2.2736024856567383,Abgewiesen (Fremdautor)
CPG3177_InLuciferamSanctamDominiResurrectionem.xml_0,Pseudo,3.8152620792388916,2.2736024856567383,Abgewiesen (Fremdautor)
CPG4655_InIlludHomoQuidamDescendebat.xml_0,Pseudo,3.8268015384674072,2.2736024856567383,Abgewiesen (Fremdautor)
AsteriusIgnotus_InPsalmum5homilia3.txt_0,Pseudo,3.869521379470825,2.2736024856567383,Abgewiesen (Fremdautor)
CPG4602_InRamosPalmarum.xml_0,Pseudo,3.8700780868530273,2.2736024856567383,Abgewiesen (Fremdautor)
CPG4513_InPetrumEtHeliam.xml_1,Pseudo,3.870122194290161,2.2736024856567383,Abgewiesen (Fremdautor)
CPG2270_InNatalemChristiDiem.txt_1,Pseudo,3.9149608612060547,2.2736024856567383,Abgewiesen (Fremdautor)
AsteriusIgnotus_InPsalmum5homilia2.txt_1,Pseudo,3.9337825775146484,2.2736024856567383,Abgewiesen (Fremdautor)
AsteriusIgnotus_InPsalmum8homilia4.txt_0,Pseudo,3.942542791366577,2.2736024856567383,Abgewiesen (Fremdautor)
CPG4326_ContraIudaeosEtGentiles.txt_2,Pseudo,3.9440746307373047,2.2736024856567383,Abgewiesen (Fremdautor)
CPG4514_DeBeatoAbraham.xml_1,Pseudo,3.954263210296631,2.2736024856567383,Abgewiesen (Fremdautor)
CPG4701_InIlludSiQuaInChristoNovaCreatura.xml_3,Pseudo,3.9558348655700684,2.2736024856567383,Abgewiesen (Fremdautor)
CPG4750_EncomiumInSanctumIohannemEvangelistam.xml_0,Pseudo,4.005187034606934,2.2736024856567383,Abgewiesen (Fremdautor)
AsteriusIgnotus_InPsalmum15.txt_0,Pseudo,4.0086469650268555,2.2736024856567383,Abgewiesen (Fremdautor)
CPG4649_InPharisaeumEtInMeretricem.xml_0,Pseudo,4.0237321853637695,2.2736024856567383,Abgewiesen (Fremdautor)
AsteriusIgnotus_InPsalmum10.txt_1,Pseudo,4.042832851409912,2.2736024856567383,Abgewiesen (Fremdautor)
CPG4614_DePaenitentia.xml_0,Pseudo,4.049203395843506,2.2736024856567383,Abgewiesen (Fremdautor)
CPG4576_InIlludSufficitTibiGratiaMea.xml_1,Pseudo,4.050507068634033,2.2736024856567383,Abgewiesen (Fremdautor)
CPG3187_InStephanumProtomartyremII.xml_0,Pseudo,4.070315361022949,2.2736024856567383,Abgewiesen (Fremdautor)
CPG4510_InSanctumRomanumMartyremHomilia2.xml_0,Pseudo,4.07638692855835,2.2736024856567383,Abgewiesen (Fremdautor)
CPG4513_InPetrumEtHeliam.xml_3,Pseudo,4.094443321228027,2.2736024856567383,Abgewiesen (Fremdautor)
CPG4593_DeIohanneApostolo.xml_0,Pseudo,4.10605525970459,2.2736024856567383,Abgewiesen (Fremdautor)
AsteriusIgnotus_InPsalmum4homilia2.txt_1,Pseudo,4.107495307922363,2.2736024856567383,Abgewiesen (Fremdautor)
CPG4570_InDecollationemSanctiIohannis.xml_1,Pseudo,4.126042366027832,2.2736024856567383,Abgewiesen (Fremdautor)
AsteriusIgnotus_InPsalmum3.txt_0,Pseudo,4.128299236297607,2.2736024856567383,Abgewiesen (Fremdautor)
CPG4581_InSamaritanam.xml_2,Pseudo,4.147097587585449,2.2736024856567383,Abgewiesen (Fremdautor)
CPG4681_InLazarumHomilia2.xml_0,Pseudo,4.149585247039795,2.2736024856567383,Abgewiesen (Fremdautor)
CPG4694_DePaenitentiaEtInLectionemDeDavideEtDeUxoreUriae.xml_0,Pseudo,4.151104927062988,2.2736024856567383,Abgewiesen (Fremdautor)
CPG4190_InPsalmum96.txt_3,Pseudo,4.152765274047852,2.2736024856567383,Abgewiesen (Fremdautor)
CPG4593_DeIohanneApostolo.xml_1,Pseudo,4.158008575439453,2.2736024856567383,Abgewiesen (Fremdautor)
CPG4526_InTriduanamResurrectionemDomini.xml_0,Pseudo,4.18887996673584,2.2736024856567383,Abgewiesen (Fremdautor)
CPG4636_InIlludMemorFuiDei.xml_1,Pseudo,4.188885688781738,2.2736024856567383,Abgewiesen (Fremdautor)
CPG4611_InPaschaSermo6.xml_3,Pseudo,4.198913097381592,2.2736024856567383,Abgewiesen (Fremdautor)
CPG4680_InLazarumHomilia1.xml_0,Pseudo,4.20148229598999,2.2736024856567383,Abgewiesen (Fremdautor)
CPG4661_InDrachmam.xml_0,Pseudo,4.212298393249512,2.2736024856567383,Abgewiesen (Fremdautor)
CPG4580_InDecemVirgines.xml_0,Pseudo,4.2391767501831055,2.2736024856567383,Abgewiesen (Fremdautor)
CPG4615_DePaenitentiaSermo1.xml_0,Pseudo,4.241144180297852,2.2736024856567383,Abgewiesen (Fremdautor)
CPG4513_InPetrumEtHeliam.xml_2,Pseudo,4.2501373291015625,2.2736024856567383,Abgewiesen (Fremdautor)
CPG4693_DePatientiaEtDeConsummationeHuiusSaeculi.xml_1,Pseudo,4.254697799682617,2.2736024856567383,Abgewiesen (Fremdautor)
CPG4637_InRachelem.xml_0,Pseudo,4.261171340942383,2.2736024856567383,Abgewiesen (Fremdautor)
CPG4442_InPoenitentiamNinivitarum.xml_0,Pseudo,4.284055709838867,2.2736024856567383,Abgewiesen (Fremdautor)
CPG4326_ContraIudaeosEtGentiles.txt_10,Pseudo,4.298621654510498,2.2736024856567383,Abgewiesen (Fremdautor)
CPG4560_InNatalemChristiDiem.xml_1,Pseudo,4.316777229309082,2.2736024856567383,Abgewiesen (Fremdautor)
CPG4677_InAnnuntiationemDeiparae.xml_1,Pseudo,4.317936897277832,2.2736024856567383,Abgewiesen (Fremdautor)
CPG4501_AscetamFacetiisUtiNonDebere.xml_1,Pseudo,4.32247257232666,2.2736024856567383,Abgewiesen (Fremdautor)
CPG4544_InPsalmum50Homilia1.xml_4,Pseudo,4.348978519439697,2.2736024856567383,Abgewiesen (Fremdautor)
CPG4733_DeMeretrice.xml_0,Pseudo,4.3492584228515625,2.2736024856567383,Abgewiesen (Fremdautor)
CPG4322_InQuatriduanumLazarum.xml_0,Pseudo,4.356490612030029,2.2736024856567383,Abgewiesen (Fremdautor)
CPG4690_InSanctumStephanumHomilia1.xml_0,Pseudo,4.356663227081299,2.2736024856567383,Abgewiesen (Fremdautor)
CPG4516_DePrecationeOrationes.xml_2,Pseudo,4.358111381530762,2.2736024856567383,Abgewiesen (Fremdautor)
AsteriusIgnotus_InPsalmum13.txt_3,Pseudo,4.372633457183838,2.2736024856567383,Abgewiesen (Fremdautor)
CPG4702_InEvangeliiDictumEtDeVirginitate.xml_1,Pseudo,4.380143165588379,2.2736024856567383,Abgewiesen (Fremdautor)
CPG4683_DeMansuetudine.xml_0,Pseudo,4.384886264801025,2.2736024856567383,Abgewiesen (Fremdautor)
CPG4591_InPublicanumEtPharisaeum.xml_0,Pseudo,4.410036563873291,2.2736024856567383,Abgewiesen (Fremdautor)
CPG4539_DeAdorationePretiosaeCrucis.xml_0,Pseudo,4.420035362243652,2.2736024856567383,Abgewiesen (Fremdautor)
CPG4670_AdmonitionesSpirituales.xml_0,Pseudo,4.43766975402832,2.2736024856567383,Abgewiesen (Fremdautor)
CPG4529_DeChananaea.xml_1,Pseudo,4.442171573638916,2.2736024856567383,Abgewiesen (Fremdautor)
CPG4560_InNatalemChristiDiem.xml_0,Pseudo,4.472962379455566,2.2736024856567383,Abgewiesen (Fremdautor)
CPG4614_DePaenitentia.xml_4,Pseudo,4.474142551422119,2.2736024856567383,Abgewiesen (Fremdautor)
CPG4693_DePatientiaEtDeConsummationeHuiusSaeculi.xml_0,Pseudo,4.476346492767334,2.2736024856567383,Abgewiesen (Fremdautor)
CPG4636_InIlludMemorFuiDei.xml_0,Pseudo,4.484553813934326,2.2736024856567383,Abgewiesen (Fremdautor)
AsteriusIgnotus_InPsalmum5homilia6.txt_0,Pseudo,4.489974021911621,2.2736024856567383,Abgewiesen (Fremdautor)
CPG4702_InEvangeliiDictumEtDeVirginitate.xml_0,Pseudo,4.503031253814697,2.2736024856567383,Abgewiesen (Fremdautor)
CPG4689_InNovamDominicamEtInApostolumThomam.xml_1,Pseudo,4.504232406616211,2.2736024856567383,Abgewiesen (Fremdautor)
CPG4743_InIlludNoliteThesaurizareVobisTheasaurosInTerra.xml_0,Pseudo,4.549142837524414,2.2736024856567383,Abgewiesen (Fremdautor)
CPG4632_DeSpe.xml_0,Pseudo,4.549411773681641,2.2736024856567383,Abgewiesen (Fremdautor)
CPG4630_DeNonIudicandoProximo.xml_0,Pseudo,4.560765743255615,2.2736024856567383,Abgewiesen (Fremdautor)
CPG4581_InSamaritanam.xml_1,Pseudo,4.585172653198242,2.2736024856567383,Abgewiesen (Fremdautor)
CPG4656_InNataleIohannisProphetae.xml_1,Pseudo,4.586384296417236,2.2736024856567383,Abgewiesen (Fremdautor)
CPG4764_CatechesisDeIlluminatis.txt_1,Pseudo,4.588845252990723,2.2736024856567383,Abgewiesen (Fremdautor)
CPG4680_InLazarumHomilia1.xml_1,Pseudo,4.6017961502075195,2.2736024856567383,Abgewiesen (Fremdautor)
CPG4614_DePaenitentia.xml_1,Pseudo,4.631223201751709,2.2736024856567383,Abgewiesen (Fremdautor)
CPG4625_ContraHaereticos.xml_0,Pseudo,4.6619553565979,2.2736024856567383,Abgewiesen (Fremdautor)
CPG4636_InIlludMemorFuiDei.xml_2,Pseudo,4.674575328826904,2.2736024856567383,Abgewiesen (Fremdautor)
CPG4574_InSanctumThomamApostolum.xml_0,Pseudo,4.690803527832031,2.2736024856567383,Abgewiesen (Fremdautor)
CPG4620_DePatientiaSermo1.xml_0,Pseudo,4.703657627105713,2.2736024856567383,Abgewiesen (Fremdautor)
CPG4507_DeSanctaTrinitate.xml_4,Pseudo,4.715799331665039,2.2736024856567383,Abgewiesen (Fremdautor)
CPG4520_InIlludExiitEdictum.xml_1,Pseudo,4.721449375152588,2.2736024856567383,Abgewiesen (Fremdautor)
CPG4604_InLatronem.xml_0,Pseudo,4.75241756439209,2.2736024856567383,Abgewiesen (Fremdautor)
CPG4678_DeEleemosyna.xml_0,Pseudo,4.7555928230285645,2.2736024856567383,Abgewiesen (Fremdautor)
CPG4643_InRamosPalmarum.xml_1,Pseudo,4.759213924407959,2.2736024856567383,Abgewiesen (Fremdautor)
CPG4507_DeSanctaTrinitate.xml_1,Pseudo,4.759811878204346,2.2736024856567383,Abgewiesen (Fremdautor)
CPG4757_InIlludCredidiPropterQuodLocutusSum.xml_0,Pseudo,4.810465335845947,2.2736024856567383,Abgewiesen (Fremdautor)
CPG4501_AscetamFacetiisUtiNonDebere.xml_0,Pseudo,4.811124324798584,2.2736024856567383,Abgewiesen (Fremdautor)
CPG4514_DeBeatoAbraham.xml_0,Pseudo,4.812069892883301,2.2736024856567383,Abgewiesen (Fremdautor)
CPG4669_InIlludIgnemVeniMittereInTerram.txt_0,Pseudo,4.816003799438477,2.2736024856567383,Abgewiesen (Fremdautor)
CPG4615_DePaenitentiaSermo1.xml_8,Pseudo,4.832516193389893,2.2736024856567383,Abgewiesen (Fremdautor)
CPG4768_InIlludAttenditeVobisIpsis.xml_2,Pseudo,4.864150524139404,2.2736024856567383,Abgewiesen (Fremdautor)
CPG4621_DePatientiaSermo2.xml_2,Pseudo,4.864150524139404,2.2736024856567383,Abgewiesen (Fremdautor)
CPG4668_DeOratione.xml_0,Pseudo,4.872021675109863,2.2736024856567383,Abgewiesen (Fremdautor)
CPG4620_DePatientiaSermo1.xml_2,Pseudo,4.881929874420166,2.2736024856567383,Abgewiesen (Fremdautor)
CPG4588_InParabolamDeFicu.xml_0,Pseudo,4.901587009429932,2.2736024856567383,Abgewiesen (Fremdautor)
CPG4408_InSanctumPascha.xml_0,Pseudo,4.903157711029053,2.2736024856567383,Abgewiesen (Fremdautor)
CPG4702_InEvangeliiDictumEtDeVirginitate.xml_2,Pseudo,4.913876533508301,2.2736024856567383,Abgewiesen (Fremdautor)
CPG4614_DePaenitentia.xml_3,Pseudo,4.930643558502197,2.2736024856567383,Abgewiesen (Fremdautor)
CPG4525_InVenerabilemCrucem.xml_1,Pseudo,4.956966400146484,2.2736024856567383,Abgewiesen (Fremdautor)
CPG4575_InSanctumStephanumProtomartyrem.xml_1,Pseudo,4.966280460357666,2.2736024856567383,Abgewiesen (Fremdautor)
CPG4615_DePaenitentiaSermo1.xml_1,Pseudo,4.969334602355957,2.2736024856567383,Abgewiesen (Fremdautor)
CPG_4543_InIlludVerumtamenFrustraConturbatur.xml_0,Pseudo,4.9711995124816895,2.2736024856567383,Abgewiesen (Fremdautor)
CPG4663_InFiliumViduae.xml_0,Pseudo,4.9881134033203125,2.2736024856567383,Abgewiesen (Fremdautor)
CPG4575_InSanctumStephanumProtomartyrem.xml_2,Pseudo,5.0017008781433105,2.2736024856567383,Abgewiesen (Fremdautor)
CPG4553_InPsalmum139.xml_0,Pseudo,5.005431652069092,2.2736024856567383,Abgewiesen (Fremdautor)
CPG4636_InIlludMemorFuiDei.xml_4,Pseudo,5.00649881362915,2.2736024856567383,Abgewiesen (Fremdautor)
CPG4649_InPharisaeumEtInMeretricem.xml_1,Pseudo,5.01267671585083,2.2736024856567383,Abgewiesen (Fremdautor)
CPG4524_InSanctaEtMagnaParasceue.xml_0,Pseudo,5.017614364624023,2.2736024856567383,Abgewiesen (Fremdautor)
CPG4701_InIlludSiQuaInChristoNovaCreatura.xml_2,Pseudo,5.042119026184082,2.2736024856567383,Abgewiesen (Fremdautor)
AsteriusIgnotus_InPsalmum9.txt_1,Pseudo,5.0588274002075195,2.2736024856567383,Abgewiesen (Fremdautor)
CPG4650_InChristiNatalemDiem.xml_0,Pseudo,5.07301139831543,2.2736024856567383,Abgewiesen (Fremdautor)
CPG4570_InDecollationemSanctiIohannis.xml_0,Pseudo,5.106761455535889,2.2736024856567383,Abgewiesen (Fremdautor)
CPG4588_InParabolamDeFicu.xml_1,Pseudo,5.157632350921631,2.2736024856567383,Abgewiesen (Fremdautor)
CPG4549_InPsalmum94.xml_0,Pseudo,5.162299633026123,2.2736024856567383,Abgewiesen (Fremdautor)
CPG4544_InPsalmum50Homilia1.xml_2,Pseudo,5.177499294281006,2.2736024856567383,Abgewiesen (Fremdautor)
CPG4502_DeIeiunioEtEleemosyna.xml_0,Pseudo,5.198624134063721,2.2736024856567383,Abgewiesen (Fremdautor)
CPG4667_DeIeiunio.xml_1,Pseudo,5.202920913696289,2.2736024856567383,Abgewiesen (Fremdautor)
CPG4529_DeChananaea.xml_2,Pseudo,5.204204559326172,2.2736024856567383,Abgewiesen (Fremdautor)
CPG4587_InIlludSimileEstRegnumCaelorumPatrifamilias.xml_1,Pseudo,5.22810173034668,2.2736024856567383,Abgewiesen (Fremdautor)
CPG4654_InIlludPaterSiPossibileEst.xml_0,Pseudo,5.2324299812316895,2.2736024856567383,Abgewiesen (Fremdautor)
CPG4511_DeProditioneIudae.xml_0,Pseudo,5.252641677856445,2.2736024856567383,Abgewiesen (Fremdautor)
CPG4581_InSamaritanam.xml_3,Pseudo,5.257155895233154,2.2736024856567383,Abgewiesen (Fremdautor)
CPG4536_InPentecostenSermo1.xml_0,Pseudo,5.276103496551514,2.2736024856567383,Abgewiesen (Fremdautor)
CPG4519_InAnnuntiationemBeataeVirginis.xml_0,Pseudo,5.288013935089111,2.2736024856567383,Abgewiesen (Fremdautor)
CPG4516_DePrecationeOrationes.xml_1,Pseudo,5.296546936035156,2.2736024856567383,Abgewiesen (Fremdautor)
CPG4736_InNativitatemIohannisBaptistae.xml_0,Pseudo,5.298550605773926,2.2736024856567383,Abgewiesen (Fremdautor)
CPG4671_InPrincipiumIeiuniorum.xml_0,Pseudo,5.305627822875977,2.2736024856567383,Abgewiesen (Fremdautor)
CPG4500_ComparatioRegisEtMonachi.xml_1,Pseudo,5.328560829162598,2.2736024856567383,Abgewiesen (Fremdautor)
CPG4514_DeBeatoAbraham.xml_2,Pseudo,5.334368705749512,2.2736024856567383,Abgewiesen (Fremdautor)
CPG4649_InPharisaeumEtInMeretricem.xml_3,Pseudo,5.350970268249512,2.2736024856567383,Abgewiesen (Fremdautor)
CPG4683_DeMansuetudine.xml_1,Pseudo,5.353630542755127,2.2736024856567383,Abgewiesen (Fremdautor)
CPG4586_InPrincipiumIndictionisInMartyres.xml_0,Pseudo,5.359528064727783,2.2736024856567383,Abgewiesen (Fremdautor)
CPG4708_DeVirtuteAnimi.xml_0,Pseudo,5.374099254608154,2.2736024856567383,Abgewiesen (Fremdautor)
CPG4689_InNovamDominicamEtInApostolumThomam.xml_0,Pseudo,5.382890701293945,2.2736024856567383,Abgewiesen (Fremdautor)
CPG4576_InIlludSufficitTibiGratiaMea.xml_0,Pseudo,5.39306116104126,2.2736024856567383,Abgewiesen (Fremdautor)
CPG4626_DeEleemosyne.xml_0,Pseudo,5.397182941436768,2.2736024856567383,Abgewiesen (Fremdautor)
CPG4537_InPentecostenSermo2.xml_0,Pseudo,5.411604404449463,2.2736024856567383,Abgewiesen (Fremdautor)
CPG4649_InPharisaeumEtInMeretricem.xml_2,Pseudo,5.427790641784668,2.2736024856567383,Abgewiesen (Fremdautor)
CPG4506_ContraIudaeosGentilesEtHaereticos.xml_0,Pseudo,5.43604040145874,2.2736024856567383,Abgewiesen (Fremdautor)
CPG4698_InSanguinisFluxuLaborantem.xml_0,Pseudo,5.446025848388672,2.2736024856567383,Abgewiesen (Fremdautor)
CPG4525_InVenerabilemCrucem.xml_0,Pseudo,5.452859878540039,2.2736024856567383,Abgewiesen (Fremdautor)
CPG4507_DeSanctaTrinitate.xml_3,Pseudo,5.45571756362915,2.2736024856567383,Abgewiesen (Fremdautor)
CPG4505_DeFugiendaSimulataSpecie.xml_0,Pseudo,5.461969375610352,2.2736024856567383,Abgewiesen (Fremdautor)
CPG4643_InRamosPalmarum.xml_0,Pseudo,5.46823263168335,2.2736024856567383,Abgewiesen (Fremdautor)
CPG4572_InPetrumEtPaulum.xml_0,Pseudo,5.479539394378662,2.2736024856567383,Abgewiesen (Fremdautor)
CPG4653_InSamaritanam.xml_0,Pseudo,5.486166000366211,2.2736024856567383,Abgewiesen (Fremdautor)
CPG4618_DeEleemosyna.xml_0,Pseudo,5.518807888031006,2.2736024856567383,Abgewiesen (Fremdautor)
CPG4516_DePrecationeOrationes.xml_3,Pseudo,5.538708209991455,2.2736024856567383,Abgewiesen (Fremdautor)
CPG4536_InPentecostenSermo1.xml_1,Pseudo,5.5619707107543945,2.2736024856567383,Abgewiesen (Fremdautor)
CPG4656_InNataleIohannisProphetae.xml_0,Pseudo,5.563487529754639,2.2736024856567383,Abgewiesen (Fremdautor)
CPG4636_InIlludMemorFuiDei.xml_3,Pseudo,5.60888147354126,2.2736024856567383,Abgewiesen (Fremdautor)
CPG4677_InAnnuntiationemDeiparae.xml_0,Pseudo,5.637763500213623,2.2736024856567383,Abgewiesen (Fremdautor)
CPG4513_InPetrumEtHeliam.xml_0,Pseudo,5.649980068206787,2.2736024856567383,Abgewiesen (Fremdautor)
CPG4547_DeTurture.xml_1,Pseudo,5.657696723937988,2.2736024856567383,Abgewiesen (Fremdautor)
CPG4587_InIlludSimileEstRegnumCaelorumPatrifamilias.xml_3,Pseudo,5.6924238204956055,2.2736024856567383,Abgewiesen (Fremdautor)
CPG4701_InIlludSiQuaInChristoNovaCreatura.xml_4,Pseudo,5.694189071655273,2.2736024856567383,Abgewiesen (Fremdautor)
CPG4628_DeAnnuntiationemSanctissimaeDeiparae.xml_0,Pseudo,5.765153884887695,2.2736024856567383,Abgewiesen (Fremdautor)
CPG4576_InIlludSufficitTibiGratiaMea.xml_2,Pseudo,5.770168304443359,2.2736024856567383,Abgewiesen (Fremdautor)
CPG4517_InOraculumZachariaeRedditum.xml_0,Pseudo,5.783361911773682,2.2736024856567383,Abgewiesen (Fremdautor)
CPG4595_InSecundumDominiAdventum.xml_0,Pseudo,5.802689075469971,2.2736024856567383,Abgewiesen (Fremdautor)
CPG4577_InParabolamDeFilioProdigo.xml_1,Pseudo,5.814156532287598,2.2736024856567383,Abgewiesen (Fremdautor)
CPG4575_InSanctumStephanumProtomartyrem.xml_0,Pseudo,5.8638834953308105,2.2736024856567383,Abgewiesen (Fremdautor)
CPG4615_DePaenitentiaSermo1.xml_9,Pseudo,5.879642009735107,2.2736024856567383,Abgewiesen (Fremdautor)
CPG4620_DePatientiaSermo1.xml_1,Pseudo,5.884207248687744,2.2736024856567383,Abgewiesen (Fremdautor)
CPG4396_SermoAntequamIretInExsilium.xml_0,Pseudo,5.937291622161865,2.2736024856567383,Abgewiesen (Fremdautor)
CPG4701_InIlludSiQuaInChristoNovaCreatura.xml_0,Pseudo,5.983786582946777,2.2736024856567383,Abgewiesen (Fremdautor)
CPG4624_ContraVirginumCorruptores.xml_0,Pseudo,5.987844467163086,2.2736024856567383,Abgewiesen (Fremdautor)
CPG4618_DeEleemosyna.xml_1,Pseudo,6.0165181159973145,2.2736024856567383,Abgewiesen (Fremdautor)
CPG4626_DeEleemosyne.xml_1,Pseudo,6.049567222595215,2.2736024856567383,Abgewiesen (Fremdautor)
CPG4621_DePatientiaSermo2.xml_0,Pseudo,6.064610481262207,2.2736024856567383,Abgewiesen (Fremdautor)
CPG4768_InIlludAttenditeVobisIpsis.xml_0,Pseudo,6.064610481262207,2.2736024856567383,Abgewiesen (Fremdautor)
CPG4587_InIlludSimileEstRegnumCaelorumPatrifamilias.xml_0,Pseudo,6.1280198097229,2.2736024856567383,Abgewiesen (Fremdautor)
CPG4529_DeChananaea.xml_3,Pseudo,6.150319576263428,2.2736024856567383,Abgewiesen (Fremdautor)
CPG4615_DePaenitentiaSermo1.xml_7,Pseudo,6.158313751220703,2.2736024856567383,Abgewiesen (Fremdautor)
CPG4500_ComparatioRegisEtMonachi.xml_0,Pseudo,6.18953275680542,2.2736024856567383,Abgewiesen (Fremdautor)
CPG4616_DePaenitentiaSermo2.xml_0,Pseudo,6.23590087890625,2.2736024856567383,Abgewiesen (Fremdautor)
CPG4701_InIlludSiQuaInChristoNovaCreatura.xml_1,Pseudo,6.28217077255249,2.2736024856567383,Abgewiesen (Fremdautor)
CPG4408_InSanctumPascha.xml_1,Pseudo,6.339951515197754,2.2736024856567383,Abgewiesen (Fremdautor)
CPG4576_InIlludSufficitTibiGratiaMea.xml_3,Pseudo,6.390111446380615,2.2736024856567383,Abgewiesen (Fremdautor)
CPG4654_InIlludPaterSiPossibileEst.xml_1,Pseudo,6.417806148529053,2.2736024856567383,Abgewiesen (Fremdautor)
CPG4749_InSynaximIncorporalium.xml_0,Pseudo,6.432920932769775,2.2736024856567383,Abgewiesen (Fremdautor)
CPG4533_InAscensionemSermo3.xml_0,Pseudo,6.465804576873779,2.2736024856567383,Abgewiesen (Fremdautor)
CPG4506_ContraIudaeosGentilesEtHaereticos.xml_1,Pseudo,6.46793794631958,2.2736024856567383,Abgewiesen (Fremdautor)
CPG4585_InIlludAttenditeNeEleemosynam.xml_0,Pseudo,6.564027309417725,2.2736024856567383,Abgewiesen (Fremdautor)
CPG4615_DePaenitentiaSermo1.xml_4,Pseudo,6.578613758087158,2.2736024856567383,Abgewiesen (Fremdautor)
CPG4615_DePaenitentiaSermo1.xml_3,Pseudo,6.740609645843506,2.2736024856567383,Abgewiesen (Fremdautor)
CPG4577_InParabolamDeFilioProdigo.xml_0,Pseudo,6.748283863067627,2.2736024856567383,Abgewiesen (Fremdautor)
CPG4615_DePaenitentiaSermo1.xml_6,Pseudo,6.811314582824707,2.2736024856567383,Abgewiesen (Fremdautor)
CPG4749_InSynaximIncorporalium.xml_1,Pseudo,6.836142539978027,2.2736024856567383,Abgewiesen (Fremdautor)
CPG4621_DePatientiaSermo2.xml_1,Pseudo,6.91092586517334,2.2736024856567383,Abgewiesen (Fremdautor)
CPG4768_InIlludAttenditeVobisIpsis.xml_1,Pseudo,6.91092586517334,2.2736024856567383,Abgewiesen (Fremdautor)
CPG4567_DeSusanna.xml_1,Pseudo,6.922445774078369,2.2736024856567383,Abgewiesen (Fremdautor)
CPG4616_DePaenitentiaSermo2.xml_1,Pseudo,6.944668769836426,2.2736024856567383,Abgewiesen (Fremdautor)
CPG4629_DeRemissionePeccatorum.xml_0,Pseudo,6.966607093811035,2.2736024856567383,Abgewiesen (Fremdautor)
CPG4595_InSecundumDominiAdventum.xml_2,Pseudo,6.986438751220703,2.2736024856567383,Abgewiesen (Fremdautor)
CPG4615_DePaenitentiaSermo1.xml_5,Pseudo,6.993147373199463,2.2736024856567383,Abgewiesen (Fremdautor)
CPG4524_InSanctaEtMagnaParasceue.xml_1,Pseudo,7.115135669708252,2.2736024856567383,Abgewiesen (Fremdautor)
CPG4587_InIlludSimileEstRegnumCaelorumPatrifamilias.xml_2,Pseudo,7.216634273529053,2.2736024856567383,Abgewiesen (Fremdautor)
CPG4507_DeSanctaTrinitate.xml_2,Pseudo,7.300957202911377,2.2736024856567383,Abgewiesen (Fremdautor)
CPG4577_InParabolamDeFilioProdigo.xml_2,Pseudo,7.348292827606201,2.2736024856567383,Abgewiesen (Fremdautor)
CPG4616_DePaenitentiaSermo2.xml_2,Pseudo,9.486157417297363,2.2736024856567383,Abgewiesen (Fremdautor)
CPG4595_InSecundumDominiAdventum.xml_1,Pseudo,9.54379653930664,2.2736024856567383,Abgewiesen (Fremdautor)
